{
  "accuracy": 0.6840062111801242,
  "f1_score": 0.6679954278062862,
  "sample_count": 1288,
  "timestamp": "2025-08-07T14:28:28.260755"
}